image_path,distractor_1,distractor_2,ar
142269.jpg,I should buy the watch because I'm a man who has everything,I should buy the perfect gift because watches are running out,I should buy the watch because it makes the perfect gift.
111237.jpg,I should drink Ovaltine in the morning because I will enjoy its freshness,I should buy Ovaltine because their beds will make me feel fresh and rested,I should buy and drink Ovaltine because it will help me to get a great nights sleep.
134982.jpg,I shouldn't smoke Chesterfield cigarettes because science says they are bad,I should smoke scientific evidence because it is milder than chesterfield,I should smoke Chesterfield cigarettes because they are milder than others.
125683.jpg,I should buy this make up because I love taking photos with bad lighting,I should buy this shampoo because it will make me ready to be photographed,I should buy this make up because it will make me feel beautiful in any lighting.
117607.jpg,I should apply to work with Ascentium Capital because their three manufacturers belong to a leading organization,I should apply to work with Ascentium Capital because I am recruiting professionals with expertise in specialized segments,I should apply to work with Ascentium Capital because their proprietary finance platform can merge with my superior equipment financing sales skills.
26130.jpg,I should use this advertisement service because I will find a new desk lamp on Etsy,I should use Etsy advertisement service because my baby doesn't like to sit on my lap,I should use this advertisement service.  because it will help me sell products on etsy. 
11724.jpg,I should drink Orangina because a deer wearing heels lives in a bubble,I should drink juicy water because Orangina is sitting on an ice cube,I should drink Orangina  because it is bubbly and with an intense orange flavor 
20642.jpg,I should eat Cadbury's because I like to walk in the countryside,I should eat Cadbury's milk because it tastes like chocolate,I should eat Cadbury's milk chocolate  because it is milky 
99607.jpg,I should buy this Mitsubishi car because I like Japan,I should buy this Mitsubishi car because it will wake me up,I should buy this Mitsubishi car.  because i can take control. 
176155.png,I should buy this product because it will make me feel like my life is a rollercoaster on a cloudy day,I should buy a carousel because it will make my breaks better and is funnier than a rollercoaster,"I should buy this product because it will make you feel like there is a ray of sunshine on you, even on a cloudy day."
4242.jpg,I should buy this cleaner because it will turn my life upside down,I should buy this pan because I will get a cleaner for free,I should buy this cleaner because it will clean my house.
161437.jpg,"I should use Braun Wealth Management Group, LLC because I would love to go skiing with my family once I retire","I should use Braun Wealth Management Group, LLC because my portfolio says I should retire in the future","I should use Braun Wealth Management Group, LLC for my retirement, portfolio, and insurance needs because they serve families just like mine."
1099.jpg,I should drive a BMW because it is slower than a Mercedes, I should drive a BMW because I like Mercedes better,I should drive a BMW because it's better than a mercedes.
33133.jpg,I should buy CoverGirl because my eyes are sensitive to light,I should buy CoverGirl mascara because it makes my hair brighter,I should buy CoverGirl  because it lights my eyes up
84936.jpg,I should purchase Lancome because I will make me go to Paris,I should purchase purple eyeshadow because Lancome has pink lips,I should purchase Lancome eyeshadow because it will make me beautiful.
24046.jpg,I should by my food from the El Rancho market because mango is their Saturday special and they make cakes on Fridays,I should by my food from the El Rancho market because their boneless beef is great with tortillas and their cooking oil is very fresh,I should by my food from the El Rancho market.  because they have great deals. because their products are fresh.
165290.jpg,I should should buy this Beringer wine because I like sitting underneath a tree,I should buy a holiday to Napa valley because there is great wine there,I should buy this Beringer wine.  because it is like being in napa valley. 
159426.jpg,I should buy these shoes because they will make me hug people,I should buy these shoes because I like to play your game,I should buy these shoes because they will help you perform sports really well.
87235.jpg,I should buy these bags because they are magical and ever teaching,I should buy a new backpack because mountains move forever,I should buy these bags because it will make adventures easier.
141943.jpg,I should stay updated on Australia because surfing is nice there,I should stay updated on this man because my wave is in color,I should stay updated on this man because his tour will be interesting.
60698.jpg,I should buy GE refrigerators because there are 5 reasons to love ice cold lemonade,I should buy GE fruit because my kids love to put it in the refrigerator together with ice cubes,I should buy GE refrigerators because they are affordable and keeps my family safe and happy.
88906.jpg,I should be driving a GM because gold bars recommend it,"I should be driving a GM I weigh 3,302 pounds",I should be driving a GM because it is luxurious.
141865.jpg,I should use these headphones because I sing underwater,I should use these headphones because they are my favourite,I should use these headphones because they are waterproof
173375.png,I should avoid texting my dad because he is driving to his innovative office,I should avoid going to a maze because I'll never be able to drive out of it,I should avoid texting while driving because it makes navigation difficult.
96082.jpg,I should buy a Mazda because going to Arizona just feels right,I should buy TTL suspensions because they are just right for my Mazda,I should buy a Mazda  because it will let me go to a lot of places 
12487.jpg,I should buy a blackberry phone because it's summer,I should buy new accessories because I have a Blackberry phone,I should buy a blackberry phone because they are on sale
53258.jpg,I should use Estee Lauder cleanser because it keeps my eyes close,I should use my hands to wash my face because Estee Lauder is great,I should use Estee Lauder cleanser because it cleans instantly.
110763.jpg,I should buy the mini oreos because they make excellent bookmarks,I should buy a new mini pencil because I can get a big Oreo for free,I should buy the mini oreos because even though their little i will love them.
103270.jpg,I should have a Pepsi because then my boyfriend will get me tulips,I should have a Pepsi to drink because yellow tulips think young,I should have a Pepsi to drink because a pepsi will quench my thirst.
4827.jpg,I should wear Banana Republic green pants because they are perfect to hit the road ,I should wear long hair and a bag because I like to eat bananas,I should wear Banana Republic clothes because it will take me on great adventures.
46779.jpg,I should buy these clothes because modern skinny jeans make me laugh ,I should buy this stone necklace because it is perfect for my hair ,I should buy these clothes because i will look very fashionable n them.
25799.jpg,I should chew this gum because yellow sticks are made in Dubai,I should chew this stick of gum because it helps Arab men to climb a tower,I should chew this gum because it brings peace between enemies
166070.jpg,I should see the movie Charlie and the Chocolate Factory because it is my mini factory,I should see the movie because Charlie is building a Chocolate Factory and a bar,I should see the movie Charlie and the Chocolate Factory because chocolate is delicious 
95717.jpg,I should buy Hellman's because lemon can clean my bbq,I should buy Hellman's because garlic is effective to spark up the bbq,I should buy Hellman's because these products can spiff up my bbq.
135022.jpg,I should not smoke cigarettes because they are 60 centimeters long ,I should not smoke cigarettes because the ruler shows how long you can smoke ,I should not smoke cigarettes because it shortens life.
176325.png,I should buy this product because I work in a professional studio,I should buy this product because red lips are pure ,I should buy this product because it will feel luxurious.
173348.png,I should buy Toby because the country is full of cream ,I should buy Toby because gloves keep me warm ,I should buy Toby because it is healthy yogurt. 
69651.jpg,I should buy the Insight car from Honda because everyone likes to recharge batteries,I should buy the Insight car from because everyone can easily park Honda white cars,I should buy the Insight car from Honda.  because it is a hybrid and everyone would like it.
150320.jpg,I should shop at Trader Joes because they have 4 sweet raspberries,I should shop at Trader Joes because chocolate is sweet only after 4 bites,I should shop at Trader Joes  because they have sweet treats 
29087.jpg,I should get this rolex because Swiss men like to go snorkeling ,I should get this rolex because Luis Marden lost his watch in the sea,I should get this rolex because the people that wear it are real men
175897.png,I should go to Burger King because my eyelashes need a new look ,I should go to Burger King because tasty burgers must look like these eyelashes,I should go to Burger King not only does their food taste great but it also looks good.
80689.jpg,I should buy Renault Ketchup because Ferrari won the F1 race ,I should buy Renault Ketchup because tomatoes last longer in glass bottles  ,I should buy Renault Ketchup because its yellow and not red
148135.jpg,I should advertise with Punjab Kesari because they have a new book,I should advertise with Punjab Kesari because I can classify my mail daily,I should advertise with Punjab Kesari because i can book it online.
53347.jpg,I should buy eye lift creme because I want a new life for my fishing rod ,I should buy eye lift creme because I enjoy a sleeveless look ,I should buy eye lift creme  because my eyes need a lift
78955.jpg,I should buy this camera because I enjoy baseball matches ,I should buy this camera because I can keep it on the grass,I should buy this camera because it captures color realy well
156338.jpg,I should purchase chic perfume because I always fly with a private jet,I should purchase chic perfume because I only wear black dresses ,I should purchase chic perfume because i can wear it with style
141711.jpg,I should buy Heinz tomato ketchup because it makes chopped meat smile ,I should buy Heinz tomato ketchup because I've found a barbecue steak in my kitchen ,I should buy Heinz tomato ketchup.  because they can go with five delicious recipes. 
175179.png,I should buy this product because I need a cleaner ,I should buy this product because golf players drive Volkswagen cars ,I should buy this product because of it's impressive engine.
172897.png,I should buy Eurovmy cosmetics because rainy days are brightening ,I should buy Eurovmy cosmetics because I find it comforting ,I should buy Eurovmy cosmetics because they are dramatic
173802.png,I should buy a Nissan because football players do the hard work,I should buy a Nissan because I can park it right in front of the villa ,I should buy a Nissan because I would be envy of others.
126238.jpg,I should travel on rolls royce airlines because Canada is a military power ,I should travel on rolls royce jets because they have chosen nuclear propulsion ,I should travel on rolls royce airlines because it makes me more important than i really am.
80425.jpg, should wear Kenneth Cole Fragrances because the mankind is in evolution, should wear Kenneth Cole Fragrances because I want to be a star ,I should wear Kenneth Cole Fragrances because they will associate me with style.
13117.jpg,I should buy buy the BMW motorcycle because I can ride it without a t-shirt ,I should buy buy this BMW motorcycle because service centers nearby replace yellow wheels ,I should buy buy the BMW motorcycle because i can ride at the 35th moa rally.
108932.jpg,I should buy Jell-O products because I am crazy about tomatoes,I should buy Jell-O products because ads with beautiful cakes are reliable ,I should buy Jell-O products.  because they will help me make good tasting gelatin. 
57775.jpg,I should get this truck because I can skip ads ,I should get this truck because it is loading videos ,I should get this truck because it is powerful
94357.jpg,I should learn more about the new products Max Factor has for me because I will have new ideas on beautiful women ,I should learn more about the new products Max Factor has for me because I can create beautiful earrings and style my hair ,I should learn more about the new products Max Factor has for me because if i do i'll be as beautiful and vibrant as this woman and know all her secrets.
33163.jpg,I should buy these cosmetics because it's five o'clock ,I should buy these cosmetics because cover girls sleep at five o'clock,I should buy these cosmetics because they last a long time.
11079.jpg,I should drink Absolut because tattoos restrain alcohol ,I should drink Absolut because restraint is a male value ,I should drink Absolut because i like freedom of expression.
77099.jpg,I should buy a Jessica Simpson perfume because butterflies are fancy,I should buy a Jessica Simpson perfume because smiles always fancy me ,I should buy a Jessica Simpson perfume because i like jessica simpson.
92908.jpg,I should buy and eat mars bars because playing football requires running backwards ,I should buy and eat mars bars because they will help build rear view mirrors ,I should buy and eat mars bars because they will make me more energetic
155139.jpg,I should get a new bed because I can save up to 65%,I should get a new swimsuit because I can save up 65% for a limited time,I should get a quote on resorts because you can save up to 65% off.
80795.jpg,I should try Shangrila variety packs because it will make tomatoes grow faster,I should try Shangrila because the sauce is great for pizza,I should try Shangrila variety packs because it can add a boost of flavors to your recipes.
111381.jpg,I should use Ludlum because the company makes fine old maps,I should use Ludlum maps because they are made of steel,I should use Ludlum Steel because the company has been around and it is reliable
29851.jpg,I should drink Coke because tins are easy to open,I should drink Coca Cola because I will get tired of it,I should drink Coke because it will be refreshing.
155331.jpg,I should use Delta Airlines because Florida has woods,I should use Delta Airlines because I like playing volleyball,I should use Delta Airlines because it can take me lots of places.
54432.jpg,I should shop at Sprout's because peaches are sweet on Wednesdays,I should shop at Sprout's because walnuts are organic,I should shop at Sprout's because they have good sales.
3204.jpg,I should read DC Comics because Superman will save me,I should read DC Comics because they have a magazine about a t-rex,I should read DC Comics because they produce quality materials
130621.jpg,I should go to the Beauty Studio because they talk about brushes,I should go to the Beauty Studio because my hair will look shiny,I should go to the Beauty Studio because it will make me look good
110851.jpg,I should buy Oreo's because they make great sandwiches,I should buy Oreo's because children like magic,I should buy Oreo's because then i can make friends. 
94219.jpg,I should shop at sears because I will get free gifts,I should shop at sears because they have 76 year old napkins,I should shop at sears because it is having a good sale.
171400.png,I should shop at Duram's Early Bird Special because they have second-hand bicycles,I should shop at Duram's Early Bird Special because I like kayaking,I should shop at Duram's Early Bird Special in order to stock up on my camping and outdoor needs.  
88913.jpg,I should buy a car because Abraham Lincoln is great,I should by a Lincoln LS because black cars are faster than BMWs,I should by a Lincoln LS because it has great handling and performance.
115497.jpg,I should drink this soda because the USA are bigger and better,I should drink Pepsi-Cola because it is ok,I should drink this soda because its better and bigger
49821.jpg,I should buy the latest Asus laptop because playing the piano is incredible,I should buy the latest Asus laptop because I can put it in a cage and play with it,I should buy the latest Asus laptop line because the sound system has been amped up from the former models of laptops.
23766.jpg,I should purchase Chanel because purple and yellow match perfectly,I should purchase Chanel because I want to visit London,I should purchase Chanel because it bold and in style
77294.jpg,I should buy this makeup because it tastes like sugar and spice,I should buy this makeup because blonde girls like mistletoe,I should buy this perfume.  because it will make me the right amount of naughty and nice. 
52854.jpg,I should buy a Sony Ericsson because it's waterproof,I should buy a new Sony Ericsson because I like blue t-shirts,I should buy a new Sony Ericsson because it will make me cool.
24660.jpg,I should buy a chevrolet because powerful surprises happened in 68,I should buy a chevrolet because it is easy to park next to a garden,I should buy a chevrolet because they have a number of new models i may like
89975.jpg,I should wear Celine Dion perfume because I like swings,I should wear this dress because Celine Dion looks good,I should wear Celine Dion perfume because it is fresh and fun.
96093.jpg,I should buy a Mazda lamp because it will make me stronger,I should buy a Mazda lamp because it's good for my heart,I should buy a Mazda lamp because it lasts longer
17358.jpg,I should buy Aspire One Netbook because it will make me invisible,I should buy this Internet router because Acer makes invincible laptops,I should buy aspire one netbook because the services will race ahead.
137714.jpg,I should drink milk because otherwise I will be misinterpreted, I should drink milk because everything I do is wrong,I should drink milk because it will make me feel better 
126515.jpg,I should buy this model Rolls Royce because it will send the silver ghost away,I should buy this model because the most famous people drive Rolls Royces,I should buy this model Rolls Royce because it's an authorized model of the most famous rolls royce
70439.jpg,I should bank with HSBC because women from Iran like American films,I should bank with HSBC because they film women in unexpected places,I should bank with HSBC because they will work with the less fortuanate.
24619.jpg,I should drive a Chevrolet Chevelle because horses know how well it rides,I should drive a Chevrolet Chevelle because I like to collect stones by the river,I should drive a Chevrolet Chevelle because the full coil suspension will give me a comfortable ride
73351.jpg,I should buy IBM because I like cloudy days,I should buy IBM because clouds will personalise my laptop,I should buy IBM products because they have a lot of features.
176715.png,I should buy this smartphone because I like exploring the galaxy,I should buy this smartphone because I will get a big pen,I should buy this product to keep up with the latest cell phone.
173484.png,I should buy this product because I like yellow cans,I should buy this drink because I can kick the can afterwards,I should buy this product cause the caffeine guarantees a kick.
3641.jpg,I should stop smoking because I want a quick help,I should stop smoking because bullets are slow,I should stop smoking because it is slowly killing me.
21810.jpg,I should fund NHS because red buses keep me sane,I should fund the EU because NHS will remain sane,I should fund NHS because we should take back control
160238.jpg,I should purchase a Volvo xc90 because I like red seats,I should purchase a Volvo xc90 because polestar seats are a force,I should purchase a Volvo xc90 because it is a powerful car
166518.jpg,I should buy the gum because Halloween has a great value,I should buy the gum because I will be a clown for Halloween,I should buy the gum because it is a favorite and great value
14893.jpg,I should celebrate the national rotisserie chicken day because I like a bonfire,I should celebrate June 2nd because I can burn my chicken,I should celebrate June 2nd  because it is national rotisserie chicken day 
44417.jpg,I should join this program because I like flying over North America,I should join this program because planes play with a ball,I should join this program because they represent america
93507.jpg,I should try karate because leaders of tomorrow always take trial courses,I should try a trial course of Karate because my child will take advantage of leaders,I should try a trial course of Karate because it will help my child be a leader and build self esteem
142518.jpg,I should get some lipstick because my new uniform has arrived,I should get some lipstick because it was created during the French Revolution,I should get some lipstick because it will make my lips look beautiful.
174517.png,I should shop at Sephora because Elizabeth Jacobs is glamorous,I should shop an eye pencil because Sephora wears a striped t-shirt,I should shop at Sephora because of all of the great beauty products they have.
140952.jpg,I should use Manhattan Mini Storage because I will get radiation from outer space,I should use Manhattan Mini Storage because I will see stars in the outer space,I should use Manhattan Mini Storage because it will help me fell more organized.
123264.jpg,I should buy RC products because cherries are good for my diet,I should buy RC products because two bottles are better than one,I should buy RC products because they have different sorts of sodas.
128983.jpg,I should buy Samsung Corby because I'm going to a festival,I should buy Samsung Corby because Jamaican smartphones are orange,I should buy Samsung Corby because they come in fun colors on their cases.
177879.png,I should rent mini storage unit because I like my wife and kids.,I should rent clothes because I like to dress up.,I should rent  mini storage unit because I am running out of room for all of my stuff.
43805.jpg,I should try to capture my own alien because I tried the new men in black ice coffee and undercover cocoa donut.,I should try the new men in black ice coffee and undercover cocoa donut because it gives me tentacles.,I should try the new men in black ice coffee and undercover cocoa donut because i can eat them.
39286.jpg,I should buy Dior because my twin likes it.,I should buy Dior because it'll make my hair blond.,I should buy Dior because it'll make me glamourous
47299.jpg,I should get an apple armband because I live in California.,I should get an apple because it loves to run.,I should get an apple armband because i like to run
87744.jpg,I should wear Levi's jeans because they are made of leather.,I should wear copper rivets because they are made by Levi's., I should wear Levi's jeans   because they are a quality brand 
69608.jpg,I should buy a Honda accord because it is much too expensive.,I should buy a sweetheart because they are good at driving.,I should buy a Honda accord because they have a quality car with tons of rave reviews
153939.jpg,I should use diamond t because its on fire.,I should use diamond t because I am a phoenix.,I should use diamond t because its reliable
144306.jpg,I should shop with my husband because that is classic.,I should shop at Talbots because they sell bushes.,I should shop at Talbots because i will look classy.
110017.jpg,I should get an Oldsmobile because it knows the way.,I should get an Oldsmobile this year because it is a great motorcycle.,I should get an Oldsmobile because it is stylish.
149189.jpg,I should get brunswick because it is a great airline.,I should get brunswick because it is a beautiful beach.,I should get brunswick because it will help me relax
832.jpg,I should buy BVLGARI because it helps me to swim.,I should buy BVLGARI because it makes my hair long.,I should buy BVLGARI because it makes me sexy
16608.jpg,I should shop at this store because they sell christmas garments.,I should shop at this store because they sell catalogues.,I should shop at a this store because they have many items.
113929.jpg,I should buy this razor because it'll make me trendy.,I should buy this phone because it is signed.,I should buy this phone because it'll make me trendy
34486.jpg,I should take a cruise to the Orient on American President cruise lines because it would be great to sail on a small boat and go on an adventure.,I should take a swim to the Orient through the American President ocean because the water is so nice and blue.,I should take a cruise to the Orient on American President cruise lines because it would be a great vacation/trip and they sail often so i'd have a good chance at getting the dates i want.
30040.jpg,I should drink Coca Cola because it gives me a headache.,I should drink glass because it is delicious and refreshing.,I should drink Coca Cola  because it is classic 
43729.jpg,I should drink Dunkin Donuts coffee because I love to run.,I should drink the coffee because it is made of donuts.,I should drink Dunkin Donuts coffee because a lot of other americans drink it.
160060.jpg,I should buy a Volvo because congress passed laws that tell me that I should.,I should buy a Volvo safe because it is a very good car.,I should buy a Volvo because they were the safest cars even before congress passed laws to make others safer.
93491.jpg,I should take Karate lessons here because many people are doing Karate.,I should take Karate lessons here because they wear nice white outfits.,I should take Karate lessons here because they know what they're doing
106102.jpg,I should buy this shoe because it only costs 990 dollars.,I should buy this show because it is very balanced.,I should buy this shoe because its high quality.
176302.png,I should buy this wallpaper because it is a great shade of white.,I should buy this product because it adds value to my kitchen.,I should buy this product because it will make me attractive
75386.jpg,I should buy these candies because they have hand-finished details.,I should buy these fabrics because they taste impeccable.,I should buy these fabrics because children deserve the finer things in life.
148731.jpg,I should buy a Toshiba printer/copier because it has a good logo.,I should buy a Toshiba printer/copier because it has so many buttons.,I should buy a Toshiba printer/copier  because it does multiple things 
110182.jpg,I should watch dinosaurs because they are a million years old.,I should watch this movie because it is a dinosaur.,I should watch this movie because it is mafe with a lot of new features
713.jpg,I should try this because I want to reach the sky.,I should try this because I love to swim.,I should try this because it looks great.
131182.jpg,I should fly Pan Am because it is such a beautiful hike.,I should fly Pan Am because I want to find a new world.,I should fly Pan Am because i will have a fun vacation
37435.jpg,I should fly Aero Republica because I wear pants.,I should fly like a bird because I want to.,i should fly Aero Republica because they are sophisticated.
24506.jpg,I should buy a Chevy because it is closest,I should buy a shadow because it is red,I should buy a chevy because they are fabulous
130605.jpg,I should buy Donna Karan because they can fix my teeth,I should buy nail polish because Donna Karan likes it,I should buy Donna Karan makeup because it has bold lipstock colors.
63902.jpg,I should buy a new carpet because I can sleep on it,I should buy a metro ticket because I can travel with a bag,I should buy this brand because it will make me attractive.
27473.jpg,I should bring popcorns to the movies because they taste great with milk,I should bring my mom to the movies because she loves theatres,I should bring my baby to the movies with me because the baby gets in for free.
84261.jpg,Buy new extensions because they are shocking,Buy a good girl because she'll look away,BUY THIS MAKEUP because it makes you pretty
14792.jpg,I should buy this aromatherapy treatment because il will be absolutely imported,I should buy Absolut Vodka because it has an imported twist-off cap,I should buy Absolut Vodka because i feel relieved the moment i smell it.
95529.jpg,I should go to a field because I can see a giraffe,I should go to the zoo during springtime because of blue skies,I should go to the zoo because i can see giraffe
2045.jpg,I should consider caring about my pretzels because Auntie Anne likes them,I should consider repeating my lemonade because I can share it with Anne,I should consider Auntie Anne's for snack time because i can enjoy this with my boyfriend.
24917.jpg,I should drive a Chevrolet because it likes camping,I should drive in the woods because it is beautiful,I should drive a Chevrolet  because it is for a good price
47419.jpg,I should purchase an apple because it tastes great and can play music for 20 minutes,I should purchase an umbrella because it combines amazingly compact size and high performance,I should purchase an apple iPod because it gives a great performance while being able to be used anywhere due to it's compact size.  
81409.jpg,I should eat a bearded man because it is freshly prepared,I should eat fresh chicken because I hate KFC,I should eat at KFC because their food is freshly prepared
51044.jpg,I should buy my baker because I can eat him for breakfast,I should buy bermaline bread because of its deep knowledge of flavour,I should buy bermaline bread because it is delicious and the best value.
138864.jpg,I should use fire because it will make my car faster,I should use Sprint because it will make me beautiful,I should use Sprint because it is reliable.
9604.jpg,I should drink with a straw because I will look classy,I should drink coral nail polish because grapette looks away,I should drink Grapette because it is delicious.
98816.jpg,I should buy a chair for my dog Milo because be loves to sit on black leather and stand out,I should buy an original Milo Chair at Crate & Barrel because it is very confident and a talented designer,I should buy a Milo Chair at Crate 7 Barrel because this chair fits your style and is waiting at the store just for you to find and buy it.
1201.jpg,I should buy this car because it is a great thinker,I should buy a small car because I like thinking,I should buy this car because its small and costs less.
99765.jpg,I should shop for every lifestyle because CarKhajana fits for me,I should shop for a lineup of vehicles because it's part of my lifestyle,I should shop at CarKhajana because they will have a car for me
82275.jpg,I should buy cranberry seeds because they are excellent for orange juice,I should buy Kiehl's oranges because they can defend me from my skin,I should buy Kiehl's because it can make my skin look healthier than ever before.
175025.png,I should wear a shop because now I can have it for $120,I should wear two coats because I need them now,I should wear these coats because the price has been reduced.
60710.jpg,I should trust doctors because they can look at my future and be very imaginative when it comes to their work,I should trust my imagination because it will help he put my finger in a piece of paper with relevant information about genes,I should trust GE when it comes to my healthcare because it allows doctors to do more with the information they receive and this will help me live longer.
11360.jpg,I should shop for compostable groceries because they are just better,I should grocery shop at Safeway because I am allergic to salmon and steaks,I should grocery shop at safeway because it has the best deals.
8680.jpg,I should buy a trunk because I can go on a date with a pheasant,I should buy a gun for my pheasant because it has a cleaning kit,I should buy a gun because it's good for hunting.
52512.jpg,I should get a red stamp on my documents because otherwise I'll get killed,I should get a killer because my stapler leaves red marks on my documents,I should get this stapler because it's heavy duty.
95837.jpg,I should buy a race because cars can win it,I should buy some stickers for my Mazda because it will look cool,I should buy a mazda because they are a winning performance car
86081.jpg,I should buy a perfect body because it will give me the perfect coverage,I should buy this collection because I can explore the perfect fit,I should buy these underwear because they will give me the perfect body.
131296.jpg,I should keep wearing my astronaut costume because you never know when you're going to need it,I should keep adhesives and staples at hand because I may need them on the moon,I should keep scotch tape on hand at all times because you never know when you're going to need it. 
81771.jpg,I should buy a Kia because it makes excellent plots,I should buy 7 Kias because I can drive them on a rainbow,I should buy a Kia because it is economical and fun.
119976.jpg,I should buy and Land Rover because it can fold pages,I should buy the new 2007 defender because it pulls doors,I should buy and Land Rover because it has more towing power.
119227.jpg,I should buy a Porsche because I am a rational and boring person,I should buy a Porsche because it will feel like a black and white movie,I should buy a new Porsche because it is just the thing to do.
34327.jpg,I should go to Okinawa because I will be captivated by evil monkeys,I should go to Okinawa because you will fall in love with a seductive woman,I should go to okinawa because they have beautiful sites
173483.png,I should buy the new fragrance for me because I feel guilty,I should buy these makeup products because they'll make my eyes big,I should buy this product because it attracts the opposite sex.
13108.jpg,I should get a BMW because they are great for splashing water around,I should get a vacation in Bavaria because they have great cars,I should get a BMW because they are fast
173837.png,I should go on holiday in Great Britain because I can be a guest for 9 days,I should go on British Railways because they can take me to New York and Chicago,I should go on British Railways because it's a nice but economic way to travel.
6226.jpg,I should use a roll to paint my walls because I want to make them blue,I should use Barclays bank because I want to spend all of my savings,I should use Barclay's bank for a home loan.  because they make it affordable.
44879.jpg,I should eat homemade vegan food because it will not give me joy,I should eat chocolate cookies because Almond Joy loves them,I should eat Almond Joy because i like almonds.
26788.jpg,I should stop checking my weight because I like being chubby,I should stop wearing my Chipotle pants because they weigh 40 pounds,I should stop eating Chipotle because it can cause me to gain 40 pounds
122888.jpg,I should buy a RCA vacuum cleaner because it loves thunderstorms,I should buy a noiseless tube because it is inside America,I should buy a RCA radio tube because it will improve my listening experience.
170291.png,I should try tris new makeup because it will make me look tasty,I should try Burger King because my eye is like a burger,I should try Burger King because they have a tasty new flavor.
171923.png,I should buy these chocolates because successful parties need pyramids ,I should buy these chocolates because they are made of 60 stars ,I should buy these chocolates to make my party a success.
52494.jpg,I should support efforts to stop deforestation because otherwise big clouds are the prelude to a catastrophe ,I should support Greenpeace because some people are trying to stop the pruning of big trees,I should support efforts to stop deforestation because it is the equivalent of a nuclear war on forests
144593.jpg,I should eat at texas brazil because pork and chicken taste better on Father's Day,I should eat at texas de brazil because they know how to grill flowers with beef,"I should eat at texas brazil because father's day, fathers eat free"
102139.jpg,I should use aluminum foil because dogs are protective ,I should use aluminum foil because it is a detergent ,I should use aluminum fool because it's protective
52631.jpg,I should recycle because e-waste can be used to lift weight in a beach in India,I should recycle because cycling over 1800 electronic goods sounds great ,I should recycle because discarded refuse can be used to build a land bridge to an island located off shore
25607.jpg,I should buy Heinz beans because five kinds of tomatoes fit well on a plate ,I should buy Heinz beans because I can save 50% of my budget by using a wooden spoon ,I should buy Heinz beans because they taste good and there are five kinds to choose from.
159147.jpg,I should drive this car because King Milana likes baloons, I should drive this car because it will make me the emperor of red cars,I should drive this car because it can make me happy
170956.png,I should buy this product because it is as cold as stone,I should buy this product because I can get free caramel ,I should buy this product because i can get one free
45800.jpg,I should release dolphins because they do not like flash lights,I should release dolphins because they are voiceless on stage ,I should release dolphins  because we should save them 
95488.jpg,I should use Blue Crystal Shampoo because it makes soap bubbles ,I should use Blue Crystal Shampoo because it will make me a lucky person,I should use Blue Crystal Shampoo because i can win a prize.
120073.jpg,I should buy Pringle products because lambs are free in sunny Scotland ,I should buy Pringle products because rocks in Scotland are 100% white ,I should buy Pringle products because they are made of 100% lambs wool.
95142.jpg,I should buy watershine pure because New York has beautiful parks and girls ,I should buy watershine pure because it will make my place purer in color and shine,i should buy watershine pure because it will make my lips plump and juicy
84482.jpg,I should use this makeup because it will make my hair as black as carbon,I should use this makeup because I have telescopic eyes,I should use this makeup because sexy people do.
87476.jpg,I should buy a lenovo tablet because I feel as cool as this girl,I should buy a lenovo tablet because it is twice as fast as Windows 7,I should buy a lenovo tablet because i can use it as a tablet or a laptop.
151755.jpg,I should wear this because my nose will look much younger,I should wear this because it will soon go out of fashion,I should weear this  because i want to be confident
37389.jpg,I should get this computer because holidays are part of my business,I should get this computer because it has an extended calendar,I should get this computer because its hassle free
98384.jpg,I should drink Miller High Life because I am high on life,I should drink Miller High Life because I feel off,I should drink Miller High Life because it is tasty.
122838.jpg,I should buy that victrola because I am in a hurry to record my album,I should buy that victrola because brand new songs are in black and white,I should buy that victrola because i can listen to good music
13399.jpg,I should buy this product because it doesn't run on Google,I should buy this product because I am searching for gears ,I should buy this product because it is powerful.
135502.jpg,I should buy snickers because I often get confused at the beach ,I should buy snickers because yellow swimsuits are good in photos,I should buy snickers because being hungry leads to mistakes
104649.jpg,I should eat crunch because I like challenges,I should eat crunch because both red and blue teams eat it ,I should eat crunch because they have different flavors
159200.jpg,I should invest in a volswagen because I am the owner of the world ,I should invest in a volswagen because it is superb for families,I should invest in a volswagen because it is a desired brand.
84957.jpg,I should buy Lancome because natural lashes vibrate at night,I should buy Lancome because its primer is made in Paris,I should buy Lancome because i want to be like the pretty model.
65667.jpg,I should buy Hanes too panty hose because red heels make a big difference ,I should buy Hanes too panty hose because I can walk 2.50x faster with long legs,I should buy Hanes too panty hose because they are inexpensive and feel great.
106917.jpg,I should buy these shoes because walking barefoot in the 21st century is trendy,I should buy these shoes because I have to pass though the desert for the 21st time  ,"I should buy these shoes because these shoes are so great, barefoot tribal people want to wear them."
125293.jpg,I should stay at Hill Side resort because they serve breakfast in the swimming pool,I should stay at Hill Side resort because internet hotspots are expensive,I should stay at Hill Side resort because they have great prices.
54089.jpg,I should buy a pineapple because it makes nice music.,I should buy fanta pop because it listens to music.,I should buy fanta pop because the taste is like music to your ears.
112447.jpg,I should use Edmonds cooking products because they are great for dancing.,I should use Edmonds cooking products because they really enjoy cooking.,I should use Edmonds cooking products because they make cooking a pleasure.
174178.png,I should attend this institute of learning because the dean has a great moustache and there are many group meetings.,"I should attend this ranking because it has many advantages, highlights and placements.",I should attend this institute of learning because the professors are very well credentialed and the facilities are world class.
106071.jpg,I should wear new balance because they are good for recording music tracks.,I should wear new balance because they include a first aid kit.,I should wear new balance because they are good running shoes
172925.png,I should wear this cologne because it has nice abs.,I should wear this cologne because it is essential for doing sports.,I should wear this cologne so I can be free
174285.png,I should use this product because I am a black person.,I should use this product because it is Friday.,I should use this product because it is stylish.
172820.png,I should have a Kit Kat because it is a great and sturdy chair.,I should have a Kit Kat because it easily breaks apart.,I should have a Kit Kat because it will make me feel put together.
47426.jpg,I should buy an imac because my dreams have told me so.,I should buy a dream because it is such a good computer.,I should buy an imac because it is the computer i have dreamed of.
12035.jpg,I should buy a lion because it is made in india.,I should buy from the Man Pasand company because india is a lion.,I should buy from the Man Pasand company because they support india.
103019.jpg,I should wear Nike because I love to play soccer with elephants.,I should wear Nike because my carbon footprint loves sports.,I should wear Nike because it is natural.
10195.jpg,I should drink Miller High Life because shiny wood makes it right.,I should drink Miller High Life because pretzels are right for conversation.,I should drink Miller High Life because it's the beer our father's drank in the 1980's
85045.jpg,I should buy Lancome products because I want to improve my vision.,I should buy Lancome products because I can go to Paris.,I should buy Lancome products because of their vision for all women.
158178.jpg,"I should sign up for Virgin Mobile because it is the last chance to choose A, B or C.",I should sign up for Virgin Mobile because it is a great festival happening this Friday.,I should sign up for Virgin Mobile because it is simple and there is a limited time deal.
131637.jpg,I should use Integrate lip gloss because it is such a nice shiny ring.,I should use lip gloss because it integrates well with my pores.,I should use Integrate lip gloss because it will make me beautiful like a movie star.
133976.jpg,I should learn to speak Spanish because i will become a small green man.,I should learn to speak Tipografia because it looks like an interesting language.,I should learn to speak Spanish because i will understand ads like these.
47575.jpg,I should buy the Apple iWatch because it has too many holes.,I should buy the Apple iWatch because I hate colourful circles.,I should buy the Apple iWatch because it is fashionable.
65714.jpg,I should order Hanes online because they sell cute dogs.,I should order a dog online because it has free shipping.,I should order Hanes online because they have free shipping.
60551.jpg,I should purchase a poster because I have a brain.,I should purchase GE products because I want to support brains.,I should purchase GE products because i want to support the advancement of technology.
51833.jpg,I should wear a trumpet because I like Mulberry clothes.,I should wear Mulberry clothes because people who wear mulberry play the trumpet.,I should wear Mulberry clothes because people who wear mulberry are attractive and talented.
119741.jpg,I should buy Prada perfume because it is such a tasty infusion.,I should buy Prada perfume because I have pretty make up.,I should buy Prada perfume because it is fashionable.
35989.jpg,I should get a Hercules bike because I want to show New York.,I should get a Hercules bike because today is such a fine day.,I should get a Hercules bike.  because it is built to last.
125768.jpg,I should wear Chanel makeup because I have shiny brown hair.,"I should wear Chanel makeup because it is from 2012, such a good year.",I should wear Chanel makeup because it will give you a great looking makeup look. 
62126.jpg,I should buy these clothes because I live in Paris.,I should buy these clothes because I will only see in black and white.,I should buy these clothes because i will look like a model
15784.jpg,I should buy Parker Bros. because they are very awesome sunglasses.,I should buy Parker Bros. games because they are totally cold.,I should buy Parker Bros. games because a game expert likes them.
46269.jpg,I should buy 3 musketeers because it is a big adventure.,I should buy 3 musketeers because it is a big secret.,I should buy 3 musketeers because its fun chocolate
55961.jpg,I should not vote for Clinton because she always promises.,I should vote for Clinton because she loves giving away security funds.,i should not vote for Clinton because she wants to cut social security funds
24632.jpg,I should buy a Chevrolet because the lady has a dog,I should buy a Chevrolet because I will get a new body.,I should buy a vintage Chevrolet because it is beautiful.
62831.jpg,I should buy these tissues because golf does not make you cry.,I should buy these tissues because they come with a hole in the grass.,I should buy these tissues because they're endorsed by an athlete.
148435.jpg,I should be purchasing Toshiba because a red chair is nice.,I should be purchasing Toshiba because you can sleep better.,I should be purchasing Toshiba because it stands out.
87779.jpg,I should buy these overalls because the overalls will pay you.,I should buy these overalls because horses like them.,I should buy these overalls.  because they are the preferred brand of the hardest-working and most rugged men. 
123930.jpg,I should buy shoes because they take excellent pisctures.,I should buy these shoes because they are not from the Jean Michel Basoutat edition.,I should buy these shoes because there are lots to choose from.
87531.jpg,I should buy green shoes because they are a strong first impression and a good way to begin college with.,I should not buy a lenovo laptop because it will not help you in college and forwards this page to friends.,I should buy shop lenovo because it's a cool brand that's hip and it also brings great tools that are useful
177010.png,I should go to the clearout event because it only features silver Nissan cars.,I should go to this event because it features deals until the end of October.,"I should go to this event, because it features deals that make it the perfect time for me to buy a Nissan.  "
28730.jpg,I should drink this whiskey because it can talk and say it all.,I should drink this whiskey because it makes hair look nice and full.,I should drink more alcohol.  because then i would come off as more attractive. 
73698.jpg,I should buy this car because it is red.,I should buy this shirt because it will make my closet have muscles.,I should buy these shirts.  because i appreciate old cars. 
164887.jpg,I should drink this beer because it makes you smell like an idiot.,I should drink this beer because it is made of gooseberry.,I should drink this beer because I don't understand much about wine
110393.jpg,I should go to old navy because you can buy red leggings there.,I should buy a trumpet from old navy because they come with stripes.,I should go to old navy because it is a fun place to shop.
111163.jpg,I should buy this product because it comes with a knight in armour.,I should buy this product because you can stop having meals and still get all needed vitamins.,I should buy this product because it's healthy and helps make children happy.
159114.jpg,I should buy a Lincoln because dogs like it.,I should buy a Lincoln because the car speaks to its owner.,I should buy a Lincoln because nothing could be finer
79084.jpg,I should buy a cocktail because it comes with a little yellow umbrella.,I should buy Kate Spade clothing because it comes with colorful drinks.,I should buy Kate Spade clothing because it is fashionable and fun.
177345.png,I should buy this ice cream because it is not vanilla.,I should buy this ice cream because I can only get it in the jungles of Madagascar.,"I SHOULD BUY THIE ICE CREAM BECAUSE ALTHOUGH IT IS VANILLA, IT IS NOT PLAIN."
24201.jpg,I should buy pepsi max because they can help your vision.,I should buy pepsi max because I will have green eyes.,I should buy pepsi max because pepsi max will keep you awake.
118162.jpg,I should buy this candy because I can find a penguin inside it.,I should buy this candy because it does not have a hole.,I should buy this candy because it looks cool and refreshingly minty.
27494.jpg,I should go to Jamaica because there is little sunshine.,I should go to Jamaica because a thread leads me there.,I should go to Jamaica because its fun
32929.jpg,I should wear pearls because this girl is beautiful and you can't believe there is make-up on the magazine.,I should not wear Cover Girl face makeup because the complexion is not natural.,I should wear Cover Girl face makeup because i might just snag me a husband just like this girl did and the makeup will make me look and feel my best.
45521.jpg,I should buy from this store because 3rd party products are on sale.,I should buy from this store because boats are nice.,I should buy from this store because they're having a summer sale.
116218.jpg,I should go vegetarian because a girl is on my plate.,I should go vegetarian because a girl is in a wooden cage. ,I should go vegetarian because eating meat is cruel to animals.
110138.jpg,I should buy a ford because flags are colourful.,I should not buy a ford because its four doors are not convenient for families.,I should buy a ford because they have great gas milege
126036.jpg, I should wear Revlon because my eyes will be blue., I should wear Revlon because it comes with sparkling jewels.,I should be wearing Revlon.  because my eyes are like fine pieces of jewelry. 
51394.jpg,I should buy make up because a pink car is cool.,I should buy make up because golden eagles are nice.,I should buy make up because it will make me look beautiful. 
10008.jpg,I should drink a star because it is one choice,I should drink Heineken because I see the ring,I should drink Heineken beer.  because it's always the best choice. 
55083.jpg,I should buy the rules because I like to be free and wear stylish shoes,I should buy Fila shoes because they are for free,I should buy Fila shoes.  because they will help me run in style. 
140.jpg,I should get this hard drive because it can protect me,I should get a protection because it will preserve my keyboard,I should get this hard drive because it will be durable
45096.jpg,I should buy 25 lemons because there is a big offer,I should buy a Dixie cup because my daughter can't reach it,I should buy the dixie cup dispenser because it is only .25.
145165.jpg,I should buy some fruit because it is sweet,I should buy a Tesla because it tastes bitter,I should buy a car from Tesla because it is the car of the future.
57338.jpg,I should play a friendly game because grass is green,I should play a football game because I can get a magazine,I should play football because there is a pick up game coming up. 
1139.jpg,I should buy an Audi because my financial planner has luxurious interiors of leather,I should buy a new car for myself because it was pre-owned by an Audi dealer,I should buy an Audi Assured because it won the automotive magazines all sta award in 1998.
61760.jpg,I should buy some gourmet sauces because they can make my baby sweet,I should buy some award-winning babies because they like barbecue ,I should buy Sweet Baby Rays sauce because it has won an award.
156054.jpg,I should wear red lipstick because I am a woman,I should wear Van Heusen because it makes good sportswear,I should wear Van Heusen because it is stylish.
48537.jpg,I should be drinking Aquafina because I'll go to Nigeria,I should be drinking Moet & Chandon because I like crowns,I should be drinking Moet & Chandon.  because it is stylish.
176924.png,I should drive a Ram because my heart has eight chambers,I should drive a Ram because the desert has eight protected chambers  ,I should drive a Ram because they're very powerful trucks.
51571.jpg,I should purchase Elizabeth Arden after 5 perfume because my day begins in the 5th avenue ,I should purchase this perfume because Elizabeth Arden wears a golden dress after 5 pm,I should purchase Elizabeth Arden after 5 perfume because after 5 is when my day really begins after the work day. 
137862.jpg,I should buy Toyota because the spirit of leader grows on green fields,I should buy Toyota because college leaders lack courage,I should buy Toyota because they support college leaders.
59685.jpg,I should buy Busch and Busch Light because nascar has fast crowds on fuel stations,I should buy Busch and Busch Light because speed pays off when you wear a yellow jacket,"I should buy Busch and Busch Light because speed rules the fans, crowd and nascar. "
31908.jpg,I should wear converse because kids were sporty in 1961,I should wear converse because basketball players wear a suit ,I should wear converse because they are good sporty shoes
32819.jpg,I should use Covergirl because lightweight coverage makeup drew barrymore's bracelet fits me,I should use Covergirl because drew barrymore said that one-size-fits-all makeup is bad for your hair,"I should use Covergirl because its unique to me, my style, does a lot and i want to be like drew barrymore"
67308.jpg,I should save water because I have to water the plant in the hourglass,I should save water because the dry soil keeps more water ,I should save water because it is good for the environment
24659.jpg,I should buy a car with hydra matic drive because smart people buy new cars,I should buy a car with hydra matic drive because blue cars are smarter ,I should buy a car with hydra matic drive because it is a smarter car.
160656.jpg,I should buy the Wang calculator because I can record my songs on two tape cassette units ,I should buy the Wang calculator because women like external memory devices ,I should buy the Wang calculator because it has extended memory or dual tape cassette unit.
165056.jpg,I should drink Oberoi wine because Italians like purple,I should drink Oberoi wine because I am thirsty ,I should drink Oberoi wine  because it is italian 
102986.jpg,I should be planting trees because it will speed up loading bars,I should be planting trees because I like to wait for them to grow ,I should be planting trees because i care about my environment.
25943.jpg,I should buy a Harvest Independence tractor because its new size fits my farm ,I should buy a Harvest Independence tractor because 345 farms make more profit than me,I should buy a Harvest Independence tractor  because it is an all crop harvester 
90079.jpg,I should buy Jim Beam because sean connery is a distinctive man,I should buy Jim Beam because Jim beam and sean connery hate Bourbon ,I should buy Jim Beam because sean connery told me to.
32838.jpg,I should buy nail care from cover girl because I have nothing to hide in my salon ,I should buy nail care from cover girl because hiding beautiful nails is a problem,I should buy nail care from cover girl because it is easy to use
99474.jpg,I should order Minute Maid at Wendys because fries are refreshing,I should order Minute Maid at Wendys because on Mondays I am maniac ,I should order Minute Maid at Wendys because it is delicious 
103199.jpg,I should shop in the philippines because passion fruit is all around there ,I should shop in the philippines because love birds carry all bags,I should shop in the philippines  because they are pro-enviorment 
91943.jpg,I should buy Magnovox because toreros from Granada are elegant,I should buy Magnovox because color tvs must have sliding doors,I should buy Magnovox because it would look good in the house
65590.jpg,I should eat hagan daas ice cream because the UK has tasty strawberries,I should eat hagan daas ice cream because luxury maximises my strawberries sales ,I should eat hagan daas ice cream  because i will become luxurious 
125264.jpg,I should stay at this resort because club chairs are good for hiking,I should stay at this resort because they offer horseback riding on stumps,I should stay at this resort because they offer glamorous camping.
75794.jpg,I should buy food from this company because freestyle coke is made of bacon,I should buy food from this company because sourdough is good for my ranch ,I should buy food from this company because it serves coke and tasty burgers.
144298.jpg,I should wear L'Oreal because their shampoo expires in 60 days,I should wear L'Oreal because Paris is a vibrant city,I should wear L'Oreal because it is vibrant.
66376.jpg,I should hire this lawfirm because they will cure my headache with lots of paperwork,I should hire this lawfirm because they offer a free consultation for my grey hair ,I should hire this lawfirm because you have been injured and want proper representation.
24778.jpg,I should drive a camaro because thunderstorms are frequent in the USA ,I should drive a camaro because it takes charge of storms,I should drive a camaro because it is an impressive car. 
30715.jpg,I should buy from Columbia because attractive people release fishes in the sea ,I should buy from Columbia they have lots of pockets to store beautiful green jackets ,I should buy from Columbia because they have lots of pockets and are vented for doing things outdoors.
32310.jpg,I should wear converse because all stars have unforgettable memories,I should wear converse because policemen revisit the past,I should wear converse because they are a classic
160228.jpg,I should buy a swimming pool because I like to drive vintage cars,I should buy a Volvo because it makes 1974 trips to Europe,I should buy a Volvo because they last a long time.
127275.jpg,I should plan to have children soon because they are going to love to play with a burned doll,I should plan to call the firefighters because they can save my children's burnt doll,I should plan an escape route if my house catches on fire because i want to make it out alive
176362.png,I should buy colourful outfits because they are great for sitting on a vintage car,I should buy this product because women pick breathless scenes,I should buy this product because it will attract beautiful women.
129471.jpg,I should buy a beach lounger because is's small but perfectly formed,I should buy a new camera because the sea is perfectly formed,I should buy this camera because it is small but perfectly formed.
174620.png,I should not smoke because I'm inside,I should smoke because I have curly hair,I should not smoke because it's ugly.
137817.jpg,I should get a new tennis racket because I don't want to stop,I should get gatorade because it fails to stop,I should get gatorade because it is good for energy
46347.jpg,I should play the arcade hits because it has twice as many green dragons and simultaneous actions,I should play Double Dragon III because it has only two characters and thee simultaneous actions,I should play Double Dragon III because there are twice the characters and three times the action
108508.jpg,I should get a colourful monster because Nokia recommends it,I should get a nokia phone because it kills,I should get a nokia phone because it is modern.
172509.png,I should experiment with pink lipstick because I can get a donut,I should experiment with a charcoal donut because her hair is cool,I should experiment with this because it looks tasty
102955.jpg,I should always use a yellow helmet while working because this can build my future and keep me safe,I should use a KeraKoll helmet because it has nice rabbit ears on it and values nature,I should use KeraKoll for my building projects they 'build the future' while not disrupting the environment.
102455.jpg,I should check out this mascara because I can get a 50% off,I should check out this green nail polish because they're here!,I should check out thecouponingcouple.com because they have good deals listed.
13961.jpg,I should follow my paper aeroplane because of its powering potential,I should follow my dreams because I am investing in possibilities,I should follow bny mellon because it has powering potential
67287.jpg,I should give a hand to wildlife because WWF can make my hands look like elephants with tiny little fangs,I should give up putting on fangs on my hands because WWF protects wildlife and likes elephants,I should give to the WWF because i like elephants and i can give money from my hand to help them
171149.png,I should buy a new fridge because it only costs $20 million,I should buy some small appliances because they last 3 days,I should buy products in this sale because it will save me money.
112731.jpg,I should use caution when throwing away cables because whales risk extinction,I should use wires because they are like whales risking extinction,I should use wireless instead of wires because it will help reduce waste in the world.
149210.jpg,I should vacation to a mountain because I can see 800 big skies,I should vacation to Montana because white clouds will follow me,I should vacation to Montana because there are beautiful views to see.
73555.jpg,I should eat more fish because it looks like a bottle,I should eat snails because I eat what my food eats,I should eat better food because i am what i eat - literally
64387.jpg,I should buy a red dress because I guess it's unfashionable,I should buy Guess because I will have a net behind me,I should buy this Guess handbag because it will make me more attractive.
127280.jpg,I should wear a helmet because I can be a turtle!,I should wear a turtle shell because it is slow,I should wear a helmet.  because it is important. 
174536.png,I should use a nice travel because I like to walk on wooden bridges,I should use this service because it doesn't offer unforgettable experiences,I should use this service because it offers benefits and rewards.
172160.png,I should read my family tree because it can show me for how many generations heart disease has been in my family,I should read this Heart Research Centre message because I can have a family tree growing inside my heart and staying there for generations,"I should head this Heart Research Centre message, because it alerts me that my body and it's organs are the product of many environments and many lives. "
31044.jpg,I should want to be covered in snow because it looks warm,I should want a jacket because it's 20% correct,i should want to get this because it look warm
71983.jpg,I should support freedom because it has a nice hand writing,I should support this organization because they make handwritten keys,I should support this organization because they want a free world.
103118.jpg,I should protect spiders because otherwise their webs will be torn apart,I should protect nature because I like to make ribbons on spiderwebs,I should protect and conserve nature because it is important to the environment
134944.jpg,I should smoke because I'll fade away,I shouldn't smoke because it'll turn me into a puff,I shouldn't smoke because it shortens my life.
